Algorithm,Average Execution Time,Average MAE,Average MSE,Average R2_Score
Decision Tree (Tuned),242.10249177614847,0.06503420186627908,0.007361107445009423,0.7644568879310407
Decision Tree (Predefined),0.06956601142883301,0.05105937310757602,0.0049230766654058105,0.8424697903968341
Random Forest (Tuned),76.82193252444267,0.08030477950678294,0.011356784982567562,0.636601897489548
Random Forest (Predefined),0.3162102699279785,0.041828619288145436,0.003237643073044137,0.8964008430945611
